{"stats":{"minecraft:mined":{"minecraft:short_grass":3,"minecraft:grass_block":16,"minecraft:tall_grass":4,"minecraft:powder_snow":4},"minecraft:dropped":{"minecraft:wheat_seeds":1},"minecraft:custom":{"minecraft:time_since_rest":6919,"minecraft:play_time":6919,"minecraft:crouch_one_cm":1630,"minecraft:sprint_one_cm":27274,"minecraft:damage_taken":50,"minecraft:walk_one_cm":7053,"minecraft:sneak_time":360,"minecraft:mob_kills":2,"minecraft:drop":1,"minecraft:jump":290,"minecraft:damage_dealt":160,"minecraft:leave_game":1,"minecraft:time_since_death":6919,"minecraft:total_world_time":6919,"minecraft:fall_one_cm":11653,"minecraft:fly_one_cm":81614},"minecraft:picked_up":{"minecraft:wheat_seeds":1,"minecraft:mutton":3,"minecraft:dirt":16,"minecraft:white_wool":2},"minecraft:killed":{"minecraft:sheep":2},"minecraft:used":{"minecraft:white_wool":2,"minecraft:dirt":16,"minecraft:mutton":3}},"DataVersion":3953}